<?xml version="1.0" encoding="UTF-8"?>
<beans xmlns="http://www.springframework.org/schema/beans"
	xmlns:xsi="http://www.w3.org/2001/XMLSchema-instance"
	xmlns:context="http://www.springframework.org/schema/context"
	xmlns:mvc="http://www.springframework.org/schema/mvc"
	xsi:schemaLocation="http://www.springframework.org/schema/mvc http://www.springframework.org/schema/mvc/spring-mvc-4.0.xsd
		http://www.springframework.org/schema/beans http://www.springframework.org/schema/beans/spring-beans.xsd
		http://www.springframework.org/schema/context http://www.springframework.org/schema/context/spring-context-4.0.xsd">
	
	<!-- 配置自动扫描到的包 -->
	<context:component-scan base-package="com.atguigu.springmvc"></context:component-scan>
	
	<!-- 配置视图解析器 -->
	<bean id="viewResolver" class="org.springframework.web.servlet.view.InternalResourceViewResolver">
		<property name="prefix" value="/WEB-INF/views/"></property>
		<property name="suffix" value=".jsp"></property>
	</bean>
	
	<!-- 配置不经过处理器方法直接到达响应页面 
		path属性：设置要映射请求地址
		view-name属性：设置视图名
	-->
	<mvc:view-controller path="/testViewResolver" view-name="success"/>
	<!-- 配置了不经过处理器方法直接到达响应页面之后，处理器方法上的@RequestMapping将失效，此时必须配置以下标签 -->
	<mvc:annotation-driven></mvc:annotation-driven>
</beans>
