<?xml version="1.0" encoding="UTF-8" ?>
<!DOCTYPE configuration
  PUBLIC "-//mybatis.org//DTD Config 3.0//EN"
  "http://mybatis.org/dtd/mybatis-3-config.dtd">
<configuration>
<!-- 	<settings> -->
		 <!-- 开启驼峰命名规则 ，可以将数据库中的下划线映射为驼峰命名
		 	例如：last_name可以映射为lastName
		 -->
<!-- 		<setting name="mapUnderscoreToCamelCase" value="true"/> -->
<!-- 	</settings> -->
	<environments default="development">
		<environment id="development">
			<transactionManager type="JDBC" />
			<dataSource type="POOLED">
				<property name="driver" value="com.mysql.jdbc.Driver" />
				<property name="url" value="jdbc:mysql://localhost:3306/mybatis" />
				<property name="username" value="root" />
				<property name="password" value="root" />
			</dataSource>
		</environment>
	</environments>
	<!-- 注册映射文件 -->
	<mappers>
		<mapper resource="EmployeeMapper.xml" />
	</mappers>
</configuration>